[{"name": "Moroni", "allowance": 505050505050505050,  "paid": true},
{"name": "Tiancum", "allowance": 53,  "paid": false},
{"name": "Jacob", "allowance": 27,  "paid": false},
{"name": "Nephi", "allowance": 29,  "paid": false},
{"name": "Enos", "allowance": 34,  "paid": false},
{"name": "Ether", "allowance": 42,  "paid": false},
{"name": "Alma", "allowance": 43,  "paid": true},
{"name": "Jared", "allowance": 21,  "paid": true},
{"name": "Moroni", "allowance": 50,  "paid": true},
{"name": "Tiancum", "allowance": 53,  "paid": false},
{"name": "Jacob", "allowance": 27,  "paid": false},
{"name": "Nephi", "allowance": 29,  "paid": false},
{"name": "Enos", "allowance": 34,  "paid": false},
{"name": "Ether", "allowance": 42,  "paid": false},
{"name": "Alma", "allowance": 43,  "paid": true},
{"name": "Jared", "allowance": 21,  "paid": true},
{"name": "Moroni", "allowance": 50,  "paid": true},
{"name": "Tiancum", "allowance": 53,  "paid": false},
{"name": "Jacob", "allowance": 27,  "paid": false},
{"name": "Nephi", "allowance": 29,  "paid": false},
{"name": "Enos", "allowance": 34,  "paid": false},
{"name": "Ether", "allowance": 42,  "paid": false},
{"name": "Alma", "allowance": 43,  "paid": true},
{"name": "Jared", "allowance": 21,  "paid": true},
{"name": "Moroni", "allowance": 50,  "paid": true},
{"name": "Tiancum", "allowance": 53,  "paid": false},
{"name": "Jacob", "allowance": 27,  "paid": false},
{"name": "Nephi", "allowance": 29,  "paid": false},
{"name": "Enos", "allowance": 34,  "paid": false},
{"name": "Ether", "allowance": 42,  "paid": false},
{"name": "Alma", "allowance": 43,  "paid": true},
{"name": "Jared", "allowance": 21,  "paid": true},
{"name": "Moroni", "allowance": 50,  "paid": true},
{"name": "Tiancum", "allowance": 53,  "paid": false}]